{"terms_accept_log":[],"content":[{"id":1,"content_type":"page","subtype":"static","url":"home","title":"Home","parent":"0","description":null,"position":"1","content":null,"content_body":null,"is_active":"1","subtype_value":null,"custom_type":null,"custom_type_value":null,"active_site_template":null,"layout_file":"index.php","layout_name":null,"layout_style":null,"content_filename":null,"original_link":null,"is_home":"1","is_pinged":"0","is_shop":"0","is_deleted":"0","require_login":"0","status":null,"content_meta_title":null,"content_meta_keywords":null,"session_id":"FQm88iI5w8UvXXxSt5xTd2hhlH96MfJkugvlS8ae","updated_at":"2019-10-03 07:56:20","created_at":"2019-08-28 14:24:06","expires_at":null,"created_by":null,"edited_by":"1","posted_at":null,"draft_of":null,"copy_of":null},{"id":2,"content_type":"page","subtype":"static","url":"templates","title":"Templates","parent":"0","description":"","position":"0","content":null,"content_body":null,"is_active":"1","subtype_value":"","custom_type":null,"custom_type_value":null,"active_site_template":"default","layout_file":"layouts__templates.php","layout_name":null,"layout_style":null,"content_filename":null,"original_link":"","is_home":"0","is_pinged":"0","is_shop":"0","is_deleted":"0","require_login":"0","status":null,"content_meta_title":"","content_meta_keywords":"","session_id":"fvIjigpVZRXM41BrQxJw2T8q5vML2lOQNAI6fRZC","updated_at":"2019-09-17 11:01:07","created_at":"2019-08-28 14:34:18","expires_at":null,"created_by":"1","edited_by":"1","posted_at":"2019-08-28 14:34:18","draft_of":null,"copy_of":null},{"id":3,"content_type":"page","subtype":"static","url":"get-started","title":"Get started","parent":"0","description":"","position":"-1","content":null,"content_body":null,"is_active":"1","subtype_value":"","custom_type":null,"custom_type_value":null,"active_site_template":"default","layout_file":"layouts__get-started.php","layout_name":null,"layout_style":null,"content_filename":null,"original_link":"","is_home":"0","is_pinged":"0","is_shop":"0","is_deleted":"0","require_login":"0","status":null,"content_meta_title":"","content_meta_keywords":"","session_id":"fvIjigpVZRXM41BrQxJw2T8q5vML2lOQNAI6fRZC","updated_at":"2019-09-17 11:01:00","created_at":"2019-09-17 11:01:00","expires_at":null,"created_by":"1","edited_by":"1","posted_at":"2019-09-17 11:01:00","draft_of":null,"copy_of":null},{"id":4,"content_type":"page","subtype":"static","url":"plans","title":"Plans","parent":"0","description":"","position":"-2","content":null,"content_body":null,"is_active":"1","subtype_value":"","custom_type":null,"custom_type_value":null,"active_site_template":"default","layout_file":"layouts__plans.php","layout_name":null,"layout_style":null,"content_filename":null,"original_link":"","is_home":"0","is_pinged":"0","is_shop":"0","is_deleted":"0","require_login":"0","status":null,"content_meta_title":"","content_meta_keywords":"","session_id":"6lgeyW32NOxFbYh3uxbXRsXuFYifKR883y7R71LW","updated_at":"2019-09-27 12:37:19","created_at":"2019-09-27 10:07:53","expires_at":null,"created_by":"1","edited_by":"1","posted_at":"2019-09-27 10:07:53","draft_of":null,"copy_of":null}],"content_data":[],"attributes":[],"content_fields":[{"id":"4","updated_at":"2019-09-27 09:10:48","created_at":"2019-09-27 09:10:48","created_by":"1","edited_by":"1","rel_type":"module","rel_id":"0","field":"layout-skin-5-module-layouts-1--3","value":"\n    <section class=\"section-13 inverse\">\n        <div class=\"container p-t-150 p-b-150 background-image-holder element\" style=\"background-image: url('{SITE_URL}userfiles\/templates\/microweber-whitelabel\/assets\/img\/templates_bg.png');\">\n            <div class=\"row\">\n                <div class=\"col-xl-10 mx-auto allow-drop element\" id=\"element_1569575287023\">\n                    <h2 class=\"fx-deactivate element\" id=\"element_1569575287085\">Stunning design for your site<\/h2>\n                    <p class=\"fx-deactivate element\">Easily Create a New, Modern and Beautiful Website!<\/p>\n                    <br><br>\n                    <a href=\".\/templates\" target=\"_self\"><img src=\"{SITE_URL}userfiles\/templates\/microweber-whitelabel\/assets\/img\/templates.png\" alt=\"\"><\/a>\n                    <br>\n                    <br>\n                    <br>\n                    <p class=\"fx-deactivate element\">Great templates are waiting for you for the final touches. <br> Choose one and make it your own<\/p>\n                    <br>\n                    <module class=\"fx-particles-2 module module-btn \" id=\"module-layouts-1--3-btn\" data-mw-title=\"Button\" template=\"bootstrap\" button_style=\"btn-default-outline\" button_size=\"btn-md\" text=\"Find more templates\" data-type=\"btn\" parent-module-id=\"module-layouts-1--3\" parent-module=\"layouts\"><\/module>\n                <\/div>\n            <\/div>\n        <\/div>\n    <\/section>\n"},{"id":"5","updated_at":"2019-09-27 12:37:19","created_at":"2019-09-27 12:37:19","created_by":"1","edited_by":"1","rel_type":"content","rel_id":"4","field":"microweber-whitelabel_content","value":"\n    <module class=\"module module-layouts\" id=\"module-layouts-4\" data-mw-title=\"Layouts\" template=\"skin-3\" data-type=\"layouts\" parent-module=\"layouts\" parent-module-id=\"module-layouts-4\"><\/module>\n    <module class=\"module module-whmcs\" id=\"module-whmcs-4\" template=\"plans\" data-type=\"whmcs\" parent-module=\"whmcs\" parent-module-id=\"module-whmcs-4\"><\/module>\n    <div class=\"p-b-200 p-t-200 element\"><\/div>\n"},{"id":"6","updated_at":"2019-09-27 12:37:19","created_at":"2019-09-27 12:37:19","created_by":"1","edited_by":"1","rel_type":"module","rel_id":"0","field":"layout-skin-3-module-layouts-4","value":"\n    <div class=\"container allow-drop element\" id=\"element_1569587789060\">\n        <h2 class=\"element\" id=\"element_1569587789053\">Choos your Microweber Plan<\/h2>\n        \n        \n    <\/div>\n"},{"id":"7","updated_at":"2019-10-03 07:54:55","created_at":"2019-10-03 07:54:55","created_by":"1","edited_by":"1","rel_type":"global","rel_id":"0","field":"microweber-whitelabel_header_login","value":""},{"id":"8","updated_at":"2019-10-03 07:56:20","created_at":"2019-10-03 07:56:20","created_by":"1","edited_by":"1","rel_type":"content","rel_id":"1","field":"microweber-whitelabel_content","value":"\n    <module class=\"module module module-layouts \" data-mw-title=\"Layouts\" id=\"module-layouts-1\" template=\"skin-4\" data-type=\"layouts\" parent-module=\"layouts\" parent-module-id=\"module-layouts-1\"><\/module>\n    <module class=\"module module-layouts\" data-mw-title=\"Layouts\" id=\"module-layouts-1--1\" template=\"skin-7\" data-type=\"layouts\" parent-module=\"layouts\" parent-module-id=\"module-layouts-1--1\"><\/module>\n    <module class=\"module module-layouts\" data-mw-title=\"Layouts\" id=\"module-layouts-1--2\" template=\"skin-6\" data-type=\"layouts\" parent-module=\"layouts\" parent-module-id=\"module-layouts-1--2\"><\/module>\n    <module class=\"module module module-layouts \" data-mw-title=\"Layouts\" id=\"module-layouts-1--3\" template=\"skin-5\" data-type=\"layouts\" parent-module=\"layouts\" parent-module-id=\"module-layouts-1--3\"><\/module>\n    <module class=\" module module-layouts \" data-mw-title=\"Layouts\" id=\"module-layouts-1--4\" template=\"skin-2\" data-type=\"layouts\" parent-module=\"layouts\" parent-module-id=\"module-layouts-1--4\"><\/module>\n    <module class=\" module module-layouts \" data-mw-title=\"Layouts\" id=\"module-layouts-1--5\" template=\"skin-3\" data-type=\"layouts\" parent-module=\"layouts\" parent-module-id=\"module-layouts-1--5\"><\/module>\n"},{"id":"9","updated_at":"2019-10-03 07:56:20","created_at":"2019-10-03 07:56:20","created_by":"1","edited_by":"1","rel_type":"module","rel_id":"0","field":"layout-skin-6-module-layouts-1--2","value":"\n    <div class=\"container align-items-center p-t-30 p-b-30 background-image-holder allow-drop element\" style=\"background-image: url('{SITE_URL}userfiles\/templates\/microweber-whitelabel\/assets\/img\/features-bg.png');\" id=\"element_1569575286583\">\n        <div class=\"d-flex h-100 element\" id=\"element_1569575286554\">\n            <div class=\"align-self-center w-100 element\" id=\"element_1569575286572\">\n                <div class=\"row\">\n                    <div class=\"col-12 element\" id=\"element_1570089358407\">\n                        <h2 class=\"fx-deactivate element\" id=\"element_1569575286579\">Easy and free website builder<\/h2>\n                        <p class=\"element\" id=\"element_1570089358439\">Create a <span class=\"text-default\">site for 5 minutes with the best<\/span>  site builder. Suitable for beginners and developers.<\/p>\n\n                        <br>\n                        <br>\n                        <br>\n\n                        <div class=\"features nodrop\">\n                            <div class=\"feature cloneable element\">\n                                <div class=\"image element\">\n                                    <img src=\"{SITE_URL}userfiles\/templates\/microweber-whitelabel\/assets\/img\/feature-1.png\" alt=\"\" class=\"element\">\n                                <\/div>\n                                <div class=\"title element\">\n                                    <p class=\"element\"> Editing <br> for seconds<\/p>\n                                <\/div>\n                            <\/div>\n\n                            <div class=\"feature cloneable element\">\n                                <div class=\"image element\">\n                                    <img src=\"{SITE_URL}userfiles\/templates\/microweber-whitelabel\/assets\/img\/feature-2.png\" alt=\"\" class=\"element\">\n                                <\/div>\n                                <div class=\"title element\">\n                                    <p class=\"element\"> Business <br>or personal site<\/p>\n                                <\/div>\n                            <\/div>\n\n                            <div class=\"feature cloneable element\">\n                                <div class=\"image element\">\n                                    <img src=\"{SITE_URL}userfiles\/templates\/microweber-whitelabel\/assets\/img\/feature-3.png\" alt=\"\" class=\"element\">\n                                <\/div>\n                                <div class=\"title element\">\n                                    <p class=\"element\"> Online <br> Store<\/p>\n                                <\/div>\n                            <\/div>\n\n                            <div class=\"feature cloneable element\">\n                                <div class=\"image element\">\n                                    <img src=\"{SITE_URL}userfiles\/templates\/microweber-whitelabel\/assets\/img\/feature-4.png\" alt=\"\" class=\"element\">\n                                <\/div>\n                                <div class=\"title element\">\n                                    <p class=\"element\"> Mobile <br> version<\/p>\n                                <\/div>\n                            <\/div>\n                        <\/div>\n\n                        \n                    <\/div>\n                <\/div>\n            <\/div>\n        <\/div>\n    <\/div>\n"}],"content_fields_drafts":[{"id":"2","updated_at":"2019-08-29 07:04:19","created_at":"2019-08-29 07:04:19","created_by":"1","edited_by":"1","rel_type":"module","rel_id":"0","field":"layout-skin-3-module-layouts-1--1","value":"\n    <div class=\"container allow-drop element\" id=\"element_1567005319029\">\n        <h2 class=\"element\" id=\"element_1567005319042\">\u00d0\u009d\u00d0\u00b0\u00d0\u00bf\u00d1\u0080\u00d0\u00b0\u00d0\u00b2\u00d0\u00b8 \u00d1\u0081\u00d0\u00b8 \u00d1\u0081\u00d0\u00b0\u00d0\u00b9\u00d1\u0082 \u00d0\u00be\u00d1\u0089\u00d0\u00b5 \u00d1\u0081\u00d0\u00b5\u00d0\u00b3\u00d0\u00b0<\/h2>\n        <p class=\"element\" id=\"element_1567005318986\">\u00d0\u009b\u00d0\u00b5\u00d1\u0081\u00d0\u00bd\u00d0\u00be, \u00d0\u00b1\u00d0\u00b5\u00d0\u00b7\u00d0\u00bf\u00d0\u00bb\u00d0\u00b0\u00d1\u0082\u00d0\u00bd\u00d0\u00be \u00d0\u00b8 \u00d1\u0081 \u00d1\u0083\u00d0\u00b4\u00d0\u00be\u00d0\u00b2\u00d0\u00be\u00d0\u00bb\u00d1\u0081\u00d1\u0082\u00d0\u00b2\u00d0\u00b8\u00d0\u00b5.<\/p>\n        <div class=\"m-t-50 element\" id=\"element_1567005319013\">\n            <module class=\"inline-block cloneable m-l-10 m-r-10 module module-btn \" id=\"module-layouts-1--1-btn\" data-mw-title=\"Button\" template=\"bootstrap\" button_style=\"btn-default\" button_size=\"btn-lg\" text=\"\u00d0\u00a1\u00d1\u008a\u00d0\u00b7\u00d0\u00b4\u00d0\u00b0\u00d0\u00b9 \u00d0\u00a3\u00d0\u00b5\u00d0\u00b1\u00d1\u0081\u00d0\u00b0\u00d0\u00b9\u00d1\u0082\" data-type=\"btn\" parent-module-id=\"module-layouts-1--1\" parent-module=\"layouts\"><\/module>\n        <\/div>\n    <\/div>\n","session_id":"lIK3IS7A7Tbkjan5ZrkhNOjTUwGKtPHWG2FnUXgS","is_temp":null,"url":""},{"id":"4","updated_at":"2019-09-27 09:10:25","created_at":"2019-09-27 09:10:25","created_by":"1","edited_by":"1","rel_type":"module","rel_id":"0","field":"layout-skin-6-module-layouts-1--2","value":"\n    <div class=\"container align-items-center p-t-30 p-b-30 background-image-holder allow-drop element\" style=\"background-image: url('{SITE_URL}userfiles\/templates\/microweber-whitelabel\/assets\/img\/features-bg.png');\" id=\"element_1569575286583\">\n        <div class=\"d-flex h-100 element\" id=\"element_1569575286554\">\n            <div class=\"align-self-center w-100 element\" id=\"element_1569575286572\">\n                <div class=\"row\">\n                    <div class=\"col-12\">\n                        <h2 class=\"fx-deactivate element\" id=\"element_1569575286579\">Easy and free website builder<\/h2>\n                        <p class=\"element\">Create a <span class=\"text-default\">site for 5 minutes with the best<\/span> <img src=\"{SITE_URL}userfiles\/templates\/microweber-whitelabel\/assets\/img\/flag.png\" alt=\"\" class=\"m-l-5 m-r-5\"> site builder. Suitable for beginners and developers.<\/p>\n\n                        <br>\n                        <br>\n                        <br>\n\n                        <div class=\"features nodrop\">\n                            <div class=\"feature cloneable\">\n                                <div class=\"image\">\n                                    <img src=\"{SITE_URL}userfiles\/templates\/microweber-whitelabel\/assets\/img\/feature-1.png\" alt=\"\">\n                                <\/div>\n                                <div class=\"title\">\n                                    <p> Editing <br> for seconds<\/p>\n                                <\/div>\n                            <\/div>\n\n                            <div class=\"feature cloneable\">\n                                <div class=\"image\">\n                                    <img src=\"{SITE_URL}userfiles\/templates\/microweber-whitelabel\/assets\/img\/feature-2.png\" alt=\"\">\n                                <\/div>\n                                <div class=\"title\">\n                                    <p> Business <br>or personal site<\/p>\n                                <\/div>\n                            <\/div>\n\n                            <div class=\"feature cloneable\">\n                                <div class=\"image\">\n                                    <img src=\"{SITE_URL}userfiles\/templates\/microweber-whitelabel\/assets\/img\/feature-3.png\" alt=\"\">\n                                <\/div>\n                                <div class=\"title\">\n                                    <p> Online <br> Store<\/p>\n                                <\/div>\n                            <\/div>\n\n                            <div class=\"feature cloneable\">\n                                <div class=\"image\">\n                                    <img src=\"{SITE_URL}userfiles\/templates\/microweber-whitelabel\/assets\/img\/feature-4.png\" alt=\"\">\n                                <\/div>\n                                <div class=\"title\">\n                                    <p> Mobile <br> version<\/p>\n                                <\/div>\n                            <\/div>\n                        <\/div>\n\n                        <div class=\"features nodrop cloneable\">\n                            \n\n                            <div class=\"feature cloneable\">\n                                <div class=\"image\">\n                                    <i class=\"mw-micon-Sun safe-element\"><\/i>\n                                <\/div>\n                                <div class=\"title\">\n                                    <p>Sunny<\/p>\n                                <\/div>\n                            <\/div>\n\n                            <div class=\"feature cloneable\">\n                                <div class=\"image\">\n                                    <i class=\"mw-micon-Cinema safe-element\"><\/i>\n                                <\/div>\n                                <div class=\"title\">\n                                    <p>Presentation<\/p>\n                                <\/div>\n                            <\/div>\n\n                            <div class=\"feature cloneable\">\n                                <div class=\"image\">\n                                    <i class=\"mw-micon-Swimming safe-element\"><\/i>\n                                <\/div>\n                                <div class=\"title\">\n                                    <p>Bath<\/p>\n                                <\/div>\n                            <\/div>\n                        <\/div>\n                    <\/div>\n                <\/div>\n            <\/div>\n        <\/div>\n    <\/div>\n","session_id":"qpnQBday2h1BlI9CtPVNf3If5QKBYdxtR1nb3B6I","is_temp":null,"url":""},{"id":"5","updated_at":"2019-09-27 09:10:27","created_at":"2019-09-27 09:10:27","created_by":"1","edited_by":"1","rel_type":"module","rel_id":"0","field":"layout-skin-6-module-layouts-1--2","value":"\n    <div class=\"container align-items-center p-t-30 p-b-30 background-image-holder allow-drop element\" style=\"background-image: url('{SITE_URL}userfiles\/templates\/microweber-whitelabel\/assets\/img\/features-bg.png');\" id=\"element_1569575286583\">\n        <div class=\"d-flex h-100 element\" id=\"element_1569575286554\">\n            <div class=\"align-self-center w-100 element\" id=\"element_1569575286572\">\n                <div class=\"row\">\n                    <div class=\"col-12\">\n                        <h2 class=\"fx-deactivate element\" id=\"element_1569575286579\">Easy and free website builder<\/h2>\n                        <p class=\"element\">Create a <span class=\"text-default\">site for 5 minutes with the best<\/span> <img src=\"{SITE_URL}userfiles\/templates\/microweber-whitelabel\/assets\/img\/flag.png\" alt=\"\" class=\"m-l-5 m-r-5\"> site builder. Suitable for beginners and developers.<\/p>\n\n                        <br>\n                        <br>\n                        <br>\n\n                        <div class=\"features nodrop\">\n                            <div class=\"feature cloneable\">\n                                <div class=\"image\">\n                                    <img src=\"{SITE_URL}userfiles\/templates\/microweber-whitelabel\/assets\/img\/feature-1.png\" alt=\"\">\n                                <\/div>\n                                <div class=\"title\">\n                                    <p> Editing <br> for seconds<\/p>\n                                <\/div>\n                            <\/div>\n\n                            <div class=\"feature cloneable\">\n                                <div class=\"image\">\n                                    <img src=\"{SITE_URL}userfiles\/templates\/microweber-whitelabel\/assets\/img\/feature-2.png\" alt=\"\">\n                                <\/div>\n                                <div class=\"title\">\n                                    <p> Business <br>or personal site<\/p>\n                                <\/div>\n                            <\/div>\n\n                            <div class=\"feature cloneable\">\n                                <div class=\"image\">\n                                    <img src=\"{SITE_URL}userfiles\/templates\/microweber-whitelabel\/assets\/img\/feature-3.png\" alt=\"\">\n                                <\/div>\n                                <div class=\"title\">\n                                    <p> Online <br> Store<\/p>\n                                <\/div>\n                            <\/div>\n\n                            <div class=\"feature cloneable\">\n                                <div class=\"image\">\n                                    <img src=\"{SITE_URL}userfiles\/templates\/microweber-whitelabel\/assets\/img\/feature-4.png\" alt=\"\">\n                                <\/div>\n                                <div class=\"title\">\n                                    <p> Mobile <br> version<\/p>\n                                <\/div>\n                            <\/div>\n                        <\/div>\n\n                        <div class=\"features nodrop cloneable\">\n                            \n\n                            \n\n                            <div class=\"feature cloneable\">\n                                <div class=\"image\">\n                                    <i class=\"mw-micon-Cinema safe-element\"><\/i>\n                                <\/div>\n                                <div class=\"title\">\n                                    <p>Presentation<\/p>\n                                <\/div>\n                            <\/div>\n\n                            <div class=\"feature cloneable\">\n                                <div class=\"image\">\n                                    <i class=\"mw-micon-Swimming safe-element\"><\/i>\n                                <\/div>\n                                <div class=\"title\">\n                                    <p>Bath<\/p>\n                                <\/div>\n                            <\/div>\n                        <\/div>\n                    <\/div>\n                <\/div>\n            <\/div>\n        <\/div>\n    <\/div>\n","session_id":"qpnQBday2h1BlI9CtPVNf3If5QKBYdxtR1nb3B6I","is_temp":null,"url":""},{"id":"9","updated_at":"2019-09-27 12:37:03","created_at":"2019-09-27 12:37:03","created_by":"1","edited_by":"1","rel_type":"content","rel_id":"4","field":"microweber-whitelabel_content","value":"\n    <module class=\"module module-layouts\" id=\"module-layouts-4\" data-mw-title=\"Layouts\" template=\"skin-3\" data-type=\"layouts\" parent-module=\"layouts\" parent-module-id=\"module-layouts-4\"><\/module>\n    <module class=\"module module-whmcs\" id=\"module-whmcs-4\" template=\"plans\" data-type=\"whmcs\" parent-module=\"whmcs\" parent-module-id=\"module-whmcs-4\"><\/module>\n    <div class=\"p-b-200 p-t-200 element\"><\/div>\n","session_id":"6lgeyW32NOxFbYh3uxbXRsXuFYifKR883y7R71LW","is_temp":null,"url":"plans"},{"id":"10","updated_at":"2019-09-27 12:37:03","created_at":"2019-09-27 12:37:03","created_by":"1","edited_by":"1","rel_type":"module","rel_id":"0","field":"layout-skin-3-module-layouts-4","value":"\n    <div class=\"container allow-drop element\" id=\"element_1569587789060\">\n        <h2 class=\"element\" id=\"element_1569587789053\">Choo<\/h2>\n        <p class=\"element\" id=\"element_1569587789067\">Easy, free and with pleasure.<\/p>\n        <div class=\"m-t-50 element\" id=\"element_1569587789086\">\n            <module class=\"inline-block cloneable m-l-10 m-r-10 module module-btn\" id=\"module-layouts-4-btn\" data-mw-title=\"Button\" template=\"bootstrap\" button_style=\"btn-default\" button_size=\"btn-lg\" text=\"Create a Website\" data-type=\"btn\" parent-module-id=\"module-layouts-4\" parent-module=\"layouts\"><\/module>\n        <\/div>\n    <\/div>\n","session_id":"6lgeyW32NOxFbYh3uxbXRsXuFYifKR883y7R71LW","is_temp":null,"url":"plans"},{"id":"11","updated_at":"2019-09-27 12:37:04","created_at":"2019-09-27 12:37:04","created_by":"1","edited_by":"1","rel_type":"module","rel_id":"0","field":"layout-skin-3-module-layouts-4","value":"\n    <div class=\"container allow-drop element\" id=\"element_1569587789060\">\n        <h2 class=\"element\" id=\"element_1569587789053\">Choos your<\/h2>\n        <p class=\"element\" id=\"element_1569587789067\">Easy, free and with pleasure.<\/p>\n        <div class=\"m-t-50 element\" id=\"element_1569587789086\">\n            <module class=\"inline-block cloneable m-l-10 m-r-10 module module-btn\" id=\"module-layouts-4-btn\" data-mw-title=\"Button\" template=\"bootstrap\" button_style=\"btn-default\" button_size=\"btn-lg\" text=\"Create a Website\" data-type=\"btn\" parent-module-id=\"module-layouts-4\" parent-module=\"layouts\"><\/module>\n        <\/div>\n    <\/div>\n","session_id":"6lgeyW32NOxFbYh3uxbXRsXuFYifKR883y7R71LW","is_temp":null,"url":"plans"},{"id":"12","updated_at":"2019-09-27 12:37:05","created_at":"2019-09-27 12:37:05","created_by":"1","edited_by":"1","rel_type":"module","rel_id":"0","field":"layout-skin-3-module-layouts-4","value":"\n    <div class=\"container allow-drop element\" id=\"element_1569587789060\">\n        <h2 class=\"element\" id=\"element_1569587789053\">Choos your Microw<\/h2>\n        <p class=\"element\" id=\"element_1569587789067\">Easy, free and with pleasure.<\/p>\n        <div class=\"m-t-50 element\" id=\"element_1569587789086\">\n            <module class=\"inline-block cloneable m-l-10 m-r-10 module module-btn\" id=\"module-layouts-4-btn\" data-mw-title=\"Button\" template=\"bootstrap\" button_style=\"btn-default\" button_size=\"btn-lg\" text=\"Create a Website\" data-type=\"btn\" parent-module-id=\"module-layouts-4\" parent-module=\"layouts\"><\/module>\n        <\/div>\n    <\/div>\n","session_id":"6lgeyW32NOxFbYh3uxbXRsXuFYifKR883y7R71LW","is_temp":null,"url":"plans"},{"id":"13","updated_at":"2019-09-27 12:37:06","created_at":"2019-09-27 12:37:06","created_by":"1","edited_by":"1","rel_type":"module","rel_id":"0","field":"layout-skin-3-module-layouts-4","value":"\n    <div class=\"container allow-drop element\" id=\"element_1569587789060\">\n        <h2 class=\"element\" id=\"element_1569587789053\">Choos your Microweber\u00c2\u00a0<\/h2>\n        <p class=\"element\" id=\"element_1569587789067\">Easy, free and with pleasure.<\/p>\n        <div class=\"m-t-50 element\" id=\"element_1569587789086\">\n            <module class=\"inline-block cloneable m-l-10 m-r-10 module module-btn\" id=\"module-layouts-4-btn\" data-mw-title=\"Button\" template=\"bootstrap\" button_style=\"btn-default\" button_size=\"btn-lg\" text=\"Create a Website\" data-type=\"btn\" parent-module-id=\"module-layouts-4\" parent-module=\"layouts\"><\/module>\n        <\/div>\n    <\/div>\n","session_id":"6lgeyW32NOxFbYh3uxbXRsXuFYifKR883y7R71LW","is_temp":null,"url":"plans"},{"id":"14","updated_at":"2019-09-27 12:37:07","created_at":"2019-09-27 12:37:07","created_by":"1","edited_by":"1","rel_type":"module","rel_id":"0","field":"layout-skin-3-module-layouts-4","value":"\n    <div class=\"container allow-drop element\" id=\"element_1569587789060\">\n        <h2 class=\"element\" id=\"element_1569587789053\">Choos your Microweber Plan<\/h2>\n        <p class=\"element\" id=\"element_1569587789067\">Easy, free and with pleasure.<\/p>\n        <div class=\"m-t-50 element\" id=\"element_1569587789086\">\n            <module class=\"inline-block cloneable m-l-10 m-r-10 module module-btn\" id=\"module-layouts-4-btn\" data-mw-title=\"Button\" template=\"bootstrap\" button_style=\"btn-default\" button_size=\"btn-lg\" text=\"Create a Website\" data-type=\"btn\" parent-module-id=\"module-layouts-4\" parent-module=\"layouts\"><\/module>\n        <\/div>\n    <\/div>\n","session_id":"6lgeyW32NOxFbYh3uxbXRsXuFYifKR883y7R71LW","is_temp":null,"url":"plans"},{"id":"15","updated_at":"2019-09-27 12:37:12","created_at":"2019-09-27 12:37:12","created_by":"1","edited_by":"1","rel_type":"module","rel_id":"0","field":"layout-skin-3-module-layouts-4","value":"\n    <div class=\"container allow-drop element\" id=\"element_1569587789060\">\n        <h2 class=\"element\" id=\"element_1569587789053\">Choos your Microweber Plan<\/h2>\n        \n        <div class=\"m-t-50 element\" id=\"element_1569587789086\">\n            <module class=\"inline-block cloneable m-l-10 m-r-10 module module-btn\" id=\"module-layouts-4-btn\" data-mw-title=\"Button\" template=\"bootstrap\" button_style=\"btn-default\" button_size=\"btn-lg\" text=\"Create a Website\" data-type=\"btn\" parent-module-id=\"module-layouts-4\" parent-module=\"layouts\"><\/module>\n        <\/div>\n    <\/div>\n","session_id":"6lgeyW32NOxFbYh3uxbXRsXuFYifKR883y7R71LW","is_temp":null,"url":"plans"},{"id":"16","updated_at":"2019-09-27 12:37:15","created_at":"2019-09-27 12:37:15","created_by":"1","edited_by":"1","rel_type":"module","rel_id":"0","field":"layout-skin-3-module-layouts-4","value":"\n    <div class=\"container allow-drop element\" id=\"element_1569587789060\">\n        <h2 class=\"element\" id=\"element_1569587789053\">Choos your Microweber Plan<\/h2>\n        \n        \n    <\/div>\n","session_id":"6lgeyW32NOxFbYh3uxbXRsXuFYifKR883y7R71LW","is_temp":null,"url":"plans"},{"id":"17","updated_at":"2019-10-03 07:55:24","created_at":"2019-10-03 07:55:24","created_by":"1","edited_by":"1","rel_type":"global","rel_id":"0","field":"microweber-whitelabel_header_login","value":"\n                                <a href=\"#\" class=\"dropdown-button safe-element\"><i class=\"fa fa-user safe-element\"><\/i> <span class=\"safe-element\">Login<\/span><\/a>\n                            ","session_id":"FQm88iI5w8UvXXxSt5xTd2hhlH96MfJkugvlS8ae","is_temp":null,"url":"plans"},{"id":"18","updated_at":"2019-10-03 07:56:16","created_at":"2019-10-03 07:56:16","created_by":"1","edited_by":"1","rel_type":"content","rel_id":"1","field":"microweber-whitelabel_content","value":"\n    <module class=\"module module module-layouts \" data-mw-title=\"Layouts\" id=\"module-layouts-1\" template=\"skin-4\" data-type=\"layouts\" parent-module=\"layouts\" parent-module-id=\"module-layouts-1\"><\/module>\n    <module class=\"module module-layouts\" data-mw-title=\"Layouts\" id=\"module-layouts-1--1\" template=\"skin-7\" data-type=\"layouts\" parent-module=\"layouts\" parent-module-id=\"module-layouts-1--1\"><\/module>\n    <module class=\"module module-layouts\" data-mw-title=\"Layouts\" id=\"module-layouts-1--2\" template=\"skin-6\" data-type=\"layouts\" parent-module=\"layouts\" parent-module-id=\"module-layouts-1--2\"><\/module>\n    <module class=\"module module module-layouts \" data-mw-title=\"Layouts\" id=\"module-layouts-1--3\" template=\"skin-5\" data-type=\"layouts\" parent-module=\"layouts\" parent-module-id=\"module-layouts-1--3\"><\/module>\n    <module class=\" module module-layouts \" data-mw-title=\"Layouts\" id=\"module-layouts-1--4\" template=\"skin-2\" data-type=\"layouts\" parent-module=\"layouts\" parent-module-id=\"module-layouts-1--4\"><\/module>\n    <module class=\" module module-layouts \" data-mw-title=\"Layouts\" id=\"module-layouts-1--5\" template=\"skin-3\" data-type=\"layouts\" parent-module=\"layouts\" parent-module-id=\"module-layouts-1--5\"><\/module>\n","session_id":"FQm88iI5w8UvXXxSt5xTd2hhlH96MfJkugvlS8ae","is_temp":null,"url":""},{"id":"19","updated_at":"2019-10-03 07:56:16","created_at":"2019-10-03 07:56:16","created_by":"1","edited_by":"1","rel_type":"module","rel_id":"0","field":"layout-skin-6-module-layouts-1--2","value":"\n    <div class=\"container align-items-center p-t-30 p-b-30 background-image-holder allow-drop element\" style=\"background-image: url('{SITE_URL}userfiles\/templates\/microweber-whitelabel\/assets\/img\/features-bg.png');\" id=\"element_1569575286583\">\n        <div class=\"d-flex h-100 element\" id=\"element_1569575286554\">\n            <div class=\"align-self-center w-100 element\" id=\"element_1569575286572\">\n                <div class=\"row\">\n                    <div class=\"col-12 element\" id=\"element_1570089358407\">\n                        <h2 class=\"fx-deactivate element\" id=\"element_1569575286579\">Easy and free website builder<\/h2>\n                        <p class=\"element\" id=\"element_1570089358439\">Create a <span class=\"text-default\">site for 5 minutes with the best<\/span> <img src=\"{SITE_URL}userfiles\/templates\/microweber-whitelabel\/assets\/img\/flag.png\" alt=\"\" class=\"m-l-5 m-r-5 element mwfadeout\" id=\"element_1570089358411\"> site builder. Suitable for beginners and developers.<\/p>\n\n                        <br>\n                        <br>\n                        <br>\n\n                        <div class=\"features nodrop\">\n                            <div class=\"feature cloneable element\">\n                                <div class=\"image element\">\n                                    <img src=\"{SITE_URL}userfiles\/templates\/microweber-whitelabel\/assets\/img\/feature-1.png\" alt=\"\" class=\"element\">\n                                <\/div>\n                                <div class=\"title element\">\n                                    <p class=\"element\"> Editing <br> for seconds<\/p>\n                                <\/div>\n                            <\/div>\n\n                            <div class=\"feature cloneable element\">\n                                <div class=\"image element\">\n                                    <img src=\"{SITE_URL}userfiles\/templates\/microweber-whitelabel\/assets\/img\/feature-2.png\" alt=\"\" class=\"element\">\n                                <\/div>\n                                <div class=\"title element\">\n                                    <p class=\"element\"> Business <br>or personal site<\/p>\n                                <\/div>\n                            <\/div>\n\n                            <div class=\"feature cloneable element\">\n                                <div class=\"image element\">\n                                    <img src=\"{SITE_URL}userfiles\/templates\/microweber-whitelabel\/assets\/img\/feature-3.png\" alt=\"\" class=\"element\">\n                                <\/div>\n                                <div class=\"title element\">\n                                    <p class=\"element\"> Online <br> Store<\/p>\n                                <\/div>\n                            <\/div>\n\n                            <div class=\"feature cloneable element\">\n                                <div class=\"image element\">\n                                    <img src=\"{SITE_URL}userfiles\/templates\/microweber-whitelabel\/assets\/img\/feature-4.png\" alt=\"\" class=\"element\">\n                                <\/div>\n                                <div class=\"title element\">\n                                    <p class=\"element\"> Mobile <br> version<\/p>\n                                <\/div>\n                            <\/div>\n                        <\/div>\n\n                        \n                    <\/div>\n                <\/div>\n            <\/div>\n        <\/div>\n    <\/div>\n","session_id":"FQm88iI5w8UvXXxSt5xTd2hhlH96MfJkugvlS8ae","is_temp":null,"url":""},{"id":"20","updated_at":"2019-10-03 08:16:32","created_at":"2019-10-03 08:16:32","created_by":"1","edited_by":"1","rel_type":"global","rel_id":"0","field":"microweber-whitelabel_footer","value":"\n                <div class=\"row\">\n                    <div class=\"mx-auto col-xl-12\">\n                        <div class=\"row\">\n                            <div class=\"mx-auto col col-xl-3 allow-drop element\" id=\"element_1570090587148\">\n                                <div class=\"logo nodrop\">\n                                    <img src=\"{SITE_URL}userfiles\/templates\/microweber-whitelabel\/assets\/img\/logo-footer.png\" class=\"safe-element\">\n                                <\/div>\n\n                                <p class=\"element\" id=\"element_1570090587149\">Microweb is an open source site creation and management system based on PHP \/ Laravel under MIT license<\/p>\n                                <module class=\" module module-social-links \" data-mw-title=\"Social Links\" id=\"footer-socials\" data-type=\"social_links\" parent-module=\"social_links\" parent-module-id=\"footer-socials\"><\/module>\n                            <\/div>\n\n                            <div class=\"mx-auto col col-xl-2 allow-drop element\" id=\"element_1570090587147\">\n                                <h3 class=\"small-title element\" id=\"element_1570090587146\">About us<\/h3>\n                                <module class=\" module module-menu \" id=\"module-menu-1\" data-mw-title=\"Menu\" name=\"footer_menu_1\" template=\"footer\" data-type=\"menu\" parent-module=\"menu\" parent-module-id=\"module-menu-1\"><\/module>\n                            <\/div>\n\n                            <div class=\"mx-auto col col-xl-2 allow-drop element\">\n                                <h3 class=\"small-title element\">About us<\/h3>\n                                <module class=\" module module-menu \" id=\"module-menu-1--1\" data-mw-title=\"Menu\" name=\"footer_menu_2\" template=\"footer\" data-type=\"menu\" parent-module=\"menu\" parent-module-id=\"module-menu-1--1\"><\/module>\n                            <\/div>\n\n                            <div class=\"mx-auto col col-xl-2 allow-drop element\">\n                                <h3 class=\"small-title element\">About us<\/h3>\n                                <module class=\" module module-menu \" id=\"module-menu-1--2\" data-mw-title=\"Menu\" name=\"footer_menu_3\" template=\"footer\" data-type=\"menu\" parent-module=\"menu\" parent-module-id=\"module-menu-1--2\"><\/module>\n                            <\/div>\n\n                            <div class=\"mx-auto col col-xl-2 allow-drop element\">\n                                <h3 class=\"small-title element\">About us<\/h3>\n                                <module class=\" module module-menu \" id=\"module-menu-1--3\" data-mw-title=\"Menu\" name=\"footer_menu_4\" template=\"footer\" data-type=\"menu\" parent-module=\"menu\" parent-module-id=\"module-menu-1--3\"><\/module>\n                            <\/div>\n                        <\/div>\n                    <\/div>\n                <\/div>\n            ","session_id":"FQm88iI5w8UvXXxSt5xTd2hhlH96MfJkugvlS8ae","is_temp":null,"url":""},{"id":"21","updated_at":"2019-10-03 08:16:33","created_at":"2019-10-03 08:16:33","created_by":"1","edited_by":"1","rel_type":"global","rel_id":"0","field":"microweber-whitelabel_footer","value":"\n                <div class=\"row\">\n                    <div class=\"mx-auto col-xl-12\">\n                        <div class=\"row\">\n                            <div class=\"mx-auto col col-xl-3 allow-drop element\" id=\"element_1570090587148\">\n                                <div class=\"logo nodrop\">\n                                    <img src=\"{SITE_URL}userfiles\/templates\/microweber-whitelabel\/assets\/img\/logo-footer.png\" class=\"safe-element\">\n                                <\/div>\n\n                                <p class=\"element\" id=\"element_1570090587149\">Microweb is an open source site creation and management system based on PHP \/ Laravel under MIT license<\/p>\n                                <module class=\" module module-social-links \" data-mw-title=\"Social Links\" id=\"footer-socials\" data-type=\"social_links\" parent-module=\"social_links\" parent-module-id=\"footer-socials\"><\/module>\n                            <\/div>\n\n                            <div class=\"mx-auto col col-xl-2 allow-drop element\" id=\"element_1570090587147\">\n                                <h3 class=\"small-title element\" id=\"element_1570090587146\">About us<\/h3>\n                                <module class=\" module module-menu \" id=\"module-menu-1\" data-mw-title=\"Menu\" name=\"footer_menu_1\" template=\"footer\" data-type=\"menu\" parent-module=\"menu\" parent-module-id=\"module-menu-1\"><\/module>\n                            <\/div>\n\n                            <div class=\"mx-auto col col-xl-2 allow-drop element\">\n                                <h3 class=\"small-title element\">About us<\/h3>\n                                <module class=\" module module-menu \" id=\"module-menu-1--1\" data-mw-title=\"Menu\" name=\"footer_menu_2\" template=\"footer\" data-type=\"menu\" parent-module=\"menu\" parent-module-id=\"module-menu-1--1\"><\/module>\n                            <\/div>\n\n                            <div class=\"mx-auto col col-xl-2 allow-drop element\">\n                                <h3 class=\"small-title element\">About us<\/h3>\n                                <module class=\" module module-menu \" id=\"module-menu-1--2\" data-mw-title=\"Menu\" name=\"footer_menu_3\" template=\"footer\" data-type=\"menu\" parent-module=\"menu\" parent-module-id=\"module-menu-1--2\"><\/module>\n                            <\/div>\n\n                            <div class=\"mx-auto col col-xl-2 allow-drop element\">\n                                <h3 class=\"small-title element\">About us<\/h3>\n                                <module class=\" module module-menu \" id=\"module-menu-1--3\" data-mw-title=\"Menu\" name=\"footer_menu_4\" template=\"footer\" data-type=\"menu\" parent-module=\"menu\" parent-module-id=\"module-menu-1--3\"><\/module>\n                            <\/div>\n                        <\/div>\n                    <\/div>\n                <\/div>\n            ","session_id":"FQm88iI5w8UvXXxSt5xTd2hhlH96MfJkugvlS8ae","is_temp":null,"url":""},{"id":"22","updated_at":"2019-10-03 08:19:36","created_at":"2019-10-03 08:19:36","created_by":"1","edited_by":"1","rel_type":"global","rel_id":"0","field":"microweber-whitelabel_footer","value":"\n                <div class=\"row\">\n                    <div class=\"mx-auto col-xl-12\">\n                        <div class=\"row\">\n                            <div class=\"mx-auto col col-xl-3 allow-drop element\" id=\"element_1570090587148\">\n                                <div class=\"logo nodrop\">\n                                    <img src=\"{SITE_URL}userfiles\/templates\/microweber-whitelabel\/assets\/img\/logo-footer.png\" class=\"safe-element\">\n                                <\/div>\n\n                                <p class=\"element\" id=\"element_1570090587149\">Microweb is an open source site creation and management system based on PHP \/ Laravel under MIT license<\/p>\n                                <module class=\" module module-social-links \" data-mw-title=\"Social Links\" id=\"footer-socials\" data-type=\"social_links\" parent-module=\"social_links\" parent-module-id=\"footer-socials\"><\/module>\n                            <\/div>\n\n                            <div class=\"mx-auto col col-xl-2 allow-drop element\" id=\"element_1570090587147\">\n                                <h3 class=\"small-title element\" id=\"element_1570090587146\">About us<\/h3>\n                                <module class=\" module module-menu \" id=\"module-menu-1\" data-mw-title=\"Menu\" name=\"footer_menu_1\" template=\"footer\" data-type=\"menu\" parent-module=\"menu\" parent-module-id=\"module-menu-1\"><\/module>\n                            <\/div>\n\n                            <div class=\"mx-auto col col-xl-2 allow-drop element\" id=\"element_1570090587175\">\n                                <h3 class=\"small-title element\">About us<\/h3>\n                                <module class=\"module module-menu\" id=\"module-menu-1--1\" data-mw-title=\"Menu\" name=\"footer_menu_2\" template=\"footer\" data-type=\"menu\" parent-module=\"menu\" parent-module-id=\"module-menu-1--1\"><\/module>\n                            <\/div>\n\n                            <div class=\"mx-auto col col-xl-2 allow-drop element\">\n                                <h3 class=\"small-title element\">About us<\/h3>\n                                <module class=\" module module-menu \" id=\"module-menu-1--2\" data-mw-title=\"Menu\" name=\"footer_menu_3\" template=\"footer\" data-type=\"menu\" parent-module=\"menu\" parent-module-id=\"module-menu-1--2\"><\/module>\n                            <\/div>\n\n                            <div class=\"mx-auto col col-xl-2 allow-drop element\">\n                                <h3 class=\"small-title element\">About us<\/h3>\n                                <module class=\" module module-menu \" id=\"module-menu-1--3\" data-mw-title=\"Menu\" name=\"footer_menu_4\" template=\"footer\" data-type=\"menu\" parent-module=\"menu\" parent-module-id=\"module-menu-1--3\"><\/module>\n                            <\/div>\n                        <\/div>\n                    <\/div>\n                <\/div>\n            ","session_id":"FQm88iI5w8UvXXxSt5xTd2hhlH96MfJkugvlS8ae","is_temp":null,"url":""}],"media":[],"custom_fields":[],"custom_fields_values":[],"menus":[{"id":"1","title":"header_menu","item_type":"menu","parent_id":null,"content_id":null,"categories_id":null,"position":null,"updated_at":"2019-08-28 14:24:06","created_at":"2019-08-28 14:24:06","is_active":"1","auto_populate":null,"description":null,"url":null,"url_target":null,"size":null,"default_image":null,"rollover_image":null},{"id":"3","title":"footer_menu","item_type":"menu","parent_id":null,"content_id":null,"categories_id":null,"position":null,"updated_at":"2019-08-28 14:24:06","created_at":"2019-08-28 14:24:06","is_active":"1","auto_populate":null,"description":null,"url":null,"url_target":null,"size":null,"default_image":null,"rollover_image":null},{"id":"5","title":"footer_menu_1","item_type":"menu","parent_id":null,"content_id":null,"categories_id":null,"position":null,"updated_at":"2019-08-28 14:24:22","created_at":"2019-08-28 14:24:22","is_active":"1","auto_populate":null,"description":null,"url":null,"url_target":null,"size":null,"default_image":null,"rollover_image":null},{"id":"6","title":"footer_menu_2","item_type":"menu","parent_id":null,"content_id":null,"categories_id":null,"position":null,"updated_at":"2019-08-28 14:25:56","created_at":"2019-08-28 14:25:56","is_active":"1","auto_populate":null,"description":null,"url":null,"url_target":null,"size":null,"default_image":null,"rollover_image":null},{"id":"7","title":"footer_menu_3","item_type":"menu","parent_id":null,"content_id":null,"categories_id":null,"position":null,"updated_at":"2019-08-28 14:28:59","created_at":"2019-08-28 14:28:59","is_active":"1","auto_populate":null,"description":null,"url":null,"url_target":null,"size":null,"default_image":null,"rollover_image":null},{"id":"8","title":"footer_menu_4","item_type":"menu","parent_id":null,"content_id":null,"categories_id":null,"position":null,"updated_at":"2019-08-28 14:29:24","created_at":"2019-08-28 14:29:24","is_active":"1","auto_populate":null,"description":null,"url":null,"url_target":null,"size":null,"default_image":null,"rollover_image":null},{"id":"9","title":"Homepage","item_type":"menu_item","parent_id":"5","content_id":"0","categories_id":"0","position":"99999","updated_at":"2019-09-27 09:11:12","created_at":"2019-09-26 09:09:14","is_active":null,"auto_populate":"","description":null,"url":".\/","url_target":"","size":"60","default_image":"","rollover_image":""},{"id":"10","title":"About us","item_type":"menu_item","parent_id":"5","content_id":null,"categories_id":null,"position":"99999","updated_at":"2019-09-27 09:11:17","created_at":"2019-09-26 09:09:20","is_active":null,"auto_populate":"","description":null,"url":"#","url_target":"","size":"60","default_image":"","rollover_image":""},{"id":"11","title":"Services","item_type":"menu_item","parent_id":"5","content_id":null,"categories_id":null,"position":"99999","updated_at":"2019-09-27 09:11:23","created_at":"2019-09-26 09:09:24","is_active":null,"auto_populate":"","description":null,"url":"#","url_target":"","size":"60","default_image":"","rollover_image":""},{"id":"12","title":"Hosting","item_type":"menu_item","parent_id":"5","content_id":null,"categories_id":null,"position":"99999","updated_at":"2019-09-27 09:11:27","created_at":"2019-09-26 09:09:29","is_active":null,"auto_populate":"","description":null,"url":"#","url_target":"","size":"60","default_image":"","rollover_image":""},{"id":"13","title":"Domains","item_type":"menu_item","parent_id":"5","content_id":null,"categories_id":null,"position":"99999","updated_at":"2019-09-27 09:11:31","created_at":"2019-09-26 09:09:34","is_active":null,"auto_populate":"","description":null,"url":"#","url_target":"","size":"60","default_image":"","rollover_image":""},{"id":"14","title":"","item_type":"menu_item","parent_id":"6","content_id":"2","categories_id":null,"position":"99999","updated_at":"2019-09-26 09:09:45","created_at":"2019-09-26 09:09:45","is_active":null,"auto_populate":"","description":null,"url":null,"url_target":null,"size":null,"default_image":null,"rollover_image":null},{"id":"15","title":"Documentation","item_type":"menu_item","parent_id":"6","content_id":null,"categories_id":null,"position":"99999","updated_at":"2019-09-27 09:11:41","created_at":"2019-09-26 09:09:59","is_active":null,"auto_populate":"","description":null,"url":"#","url_target":"","size":"60","default_image":"","rollover_image":""},{"id":"16","title":"Support","item_type":"menu_item","parent_id":"6","content_id":null,"categories_id":null,"position":"99999","updated_at":"2019-09-27 09:11:45","created_at":"2019-09-26 09:10:05","is_active":null,"auto_populate":"","description":null,"url":"#","url_target":"","size":"60","default_image":"","rollover_image":""},{"id":"17","title":"Blog","item_type":"menu_item","parent_id":"6","content_id":null,"categories_id":null,"position":"99999","updated_at":"2019-09-27 09:11:50","created_at":"2019-09-26 09:10:08","is_active":null,"auto_populate":"","description":null,"url":"#","url_target":"","size":"60","default_image":"","rollover_image":""},{"id":"18","title":"Community","item_type":"menu_item","parent_id":"7","content_id":null,"categories_id":null,"position":"99999","updated_at":"2019-09-27 09:12:00","created_at":"2019-09-26 09:10:24","is_active":null,"auto_populate":"","description":null,"url":"#","url_target":"","size":"60","default_image":"","rollover_image":""},{"id":"19","title":"Academy","item_type":"menu_item","parent_id":"7","content_id":null,"categories_id":null,"position":"99999","updated_at":"2019-09-27 09:12:12","created_at":"2019-09-26 09:10:29","is_active":null,"auto_populate":"","description":null,"url":"#","url_target":"","size":"60","default_image":"","rollover_image":""},{"id":"20","title":"Suggest a feature","item_type":"menu_item","parent_id":"7","content_id":null,"categories_id":null,"position":"99999","updated_at":"2019-09-27 09:12:21","created_at":"2019-09-26 09:10:37","is_active":null,"auto_populate":"","description":null,"url":"#","url_target":"","size":"60","default_image":"","rollover_image":""},{"id":"21","title":"Terms of conditions","item_type":"menu_item","parent_id":"8","content_id":null,"categories_id":null,"position":"99999","updated_at":"2019-09-27 09:12:41","created_at":"2019-09-26 09:10:50","is_active":null,"auto_populate":"","description":null,"url":"#","url_target":"","size":"60","default_image":"","rollover_image":""},{"id":"22","title":"Privacy policy","item_type":"menu_item","parent_id":"8","content_id":null,"categories_id":null,"position":"99999","updated_at":"2019-09-27 09:12:32","created_at":"2019-09-26 09:11:00","is_active":null,"auto_populate":"","description":null,"url":"#","url_target":"","size":"60","default_image":"","rollover_image":""},{"id":"23","title":"","item_type":"menu_item","parent_id":"1","content_id":"1","categories_id":null,"position":"0","updated_at":"2019-09-27 12:33:27","created_at":"2019-09-27 12:33:27","is_active":null,"auto_populate":"","description":null,"url":null,"url_target":null,"size":null,"default_image":null,"rollover_image":null},{"id":"24","title":"","item_type":"menu_item","parent_id":"1","content_id":"3","categories_id":null,"position":"3","updated_at":"2019-09-27 12:33:29","created_at":"2019-09-27 12:33:29","is_active":null,"auto_populate":"","description":null,"url":null,"url_target":null,"size":null,"default_image":null,"rollover_image":null},{"id":"25","title":"","item_type":"menu_item","parent_id":"1","content_id":"4","categories_id":null,"position":"2","updated_at":"2019-09-27 12:33:31","created_at":"2019-09-27 12:33:31","is_active":null,"auto_populate":"","description":null,"url":null,"url_target":null,"size":null,"default_image":null,"rollover_image":null},{"id":"26","title":"","item_type":"menu_item","parent_id":"1","content_id":"2","categories_id":null,"position":"1","updated_at":"2019-09-27 12:33:32","created_at":"2019-09-27 12:33:32","is_active":null,"auto_populate":"","description":null,"url":null,"url_target":null,"size":null,"default_image":null,"rollover_image":null}],"categories":[],"categories_items":[],"forms_data":[],"forms_lists":[],"options":[{"id":"1","updated_at":"2019-08-28 14:24:06","created_at":"2019-08-28 14:24:06","option_key":"current_template","option_value":"microweber-whitelabel","option_key2":null,"option_value2":null,"position":null,"option_group":"template","name":null,"help":null,"field_type":null,"field_values":null,"module":null,"is_system":"1","option_value_prev":null},{"id":"2","updated_at":"2019-08-28 14:24:07","created_at":"2019-08-28 14:24:07","option_key":"website_title","option_value":"Microweber","option_key2":null,"option_value2":null,"position":null,"option_group":"website","name":null,"help":null,"field_type":null,"field_values":null,"module":null,"is_system":"1","option_value_prev":null},{"id":"3","updated_at":null,"created_at":null,"option_key":"enable_comments","option_value":"y","option_key2":null,"option_value2":null,"position":null,"option_group":"comments","name":null,"help":null,"field_type":null,"field_values":null,"module":null,"is_system":null,"option_value_prev":null},{"id":"4","updated_at":null,"created_at":null,"option_key":"shipping_gw_shop\/shipping\/gateways\/country","option_value":"y","option_key2":null,"option_value2":null,"position":null,"option_group":"shipping","name":null,"help":null,"field_type":null,"field_values":null,"module":null,"is_system":null,"option_value_prev":null},{"id":"5","updated_at":null,"created_at":null,"option_key":"payment_gw_shop\/payments\/gateways\/paypal","option_value":"1","option_key2":null,"option_value2":null,"position":null,"option_group":"payments","name":null,"help":null,"field_type":null,"field_values":null,"module":null,"is_system":null,"option_value_prev":null},{"id":"6","updated_at":null,"created_at":null,"option_key":"currency","option_value":"USD","option_key2":null,"option_value2":null,"position":null,"option_group":"payments","name":null,"help":null,"field_type":null,"field_values":null,"module":null,"is_system":null,"option_value_prev":null},{"id":"7","updated_at":"2019-08-28 14:25:15","created_at":"2019-08-28 14:25:02","option_key":"size","option_value":"auto","option_key2":null,"option_value2":null,"position":null,"option_group":"header-logo","name":null,"help":null,"field_type":null,"field_values":null,"module":null,"is_system":null,"option_value_prev":null},{"id":"8","updated_at":"2019-08-28 14:25:02","created_at":"2019-08-28 14:25:02","option_key":"logoimage","option_value":"{SITE_URL}userfiles\/media\/templates.microweber.com\/logo.png","option_key2":null,"option_value2":null,"position":null,"option_group":"header-logo","name":null,"help":null,"field_type":null,"field_values":null,"module":null,"is_system":null,"option_value_prev":null},{"id":"9","updated_at":"2019-10-03 12:47:22","created_at":"2019-08-28 14:27:33","option_key":"settings","option_value":"[{\"images\":\"{SITE_URL}userfiles\/media\/templates.microweber.com\/home_en.png\",\"primaryText\":\"Create your own <span class=\\\"text-default\\\">website<br \/>free<\/span>, we give <br \/>you <span class=\\\"text-primary\\\">a hosting<\/span>! \",\"secondaryText\":\"Create your own website for free with Microweber!\",\"seemoreText\":\"See more\",\"url\":\"\",\"urlText\":\"\",\"skin\":\"default\",\"icon\":\"\"},{\"images\":\"{SITE_URL}userfiles\/media\/templates.microweber.com\/home2_en.png\",\"primaryText\":\"Create your own <span class=\\\"text-default\\\"><br>Online Store for free<\/span>,<br \/> we are giving you <br \/><span class=\\\"text-primary\\\">a web hosting<\/span>!\",\"secondaryText\":\"Create your own website for free with Microweber!\",\"seemoreText\":\"See more\",\"url\":\"\",\"urlText\":\"\",\"skin\":\"skin-1\",\"icon\":\"\"}]","option_key2":null,"option_value2":null,"position":null,"option_group":"module-layouts-1-slider","name":null,"help":null,"field_type":null,"field_values":null,"module":null,"is_system":null,"option_value_prev":null},{"id":"10","updated_at":"2019-08-28 15:07:37","created_at":"2019-08-28 14:33:16","option_key":"pager","option_value":"true","option_key2":null,"option_value2":null,"position":null,"option_group":"module-layouts-1-slider","name":null,"help":null,"field_type":null,"field_values":null,"module":null,"is_system":null,"option_value_prev":null},{"id":"11","updated_at":"2019-08-28 14:40:02","created_at":"2019-08-28 14:40:02","option_key":"adaptive_height","option_value":"false","option_key2":null,"option_value2":null,"position":null,"option_group":"module-layouts-1-slider","name":null,"help":null,"field_type":null,"field_values":null,"module":null,"is_system":null,"option_value_prev":null},{"id":"12","updated_at":"2019-08-28 15:07:39","created_at":"2019-08-28 15:07:39","option_key":"controls","option_value":"false","option_key2":null,"option_value2":null,"position":null,"option_group":"module-layouts-1-slider","name":null,"help":null,"field_type":null,"field_values":null,"module":null,"is_system":null,"option_value_prev":null},{"id":"13","updated_at":"2019-09-17 11:01:55","created_at":"2019-09-17 11:01:54","option_key":"url","option_value":".\/get-started","option_key2":null,"option_value2":null,"position":null,"option_group":"module-btn-2","name":null,"help":null,"field_type":null,"field_values":null,"module":null,"is_system":null,"option_value_prev":null},{"id":"14","updated_at":"2019-09-17 11:02:30","created_at":"2019-09-17 11:02:29","option_key":"url","option_value":".\/templates","option_key2":null,"option_value2":null,"position":null,"option_group":"module-layouts-1--3-btn","name":null,"help":null,"field_type":null,"field_values":null,"module":null,"is_system":null,"option_value_prev":null},{"id":"15","updated_at":"2019-09-17 11:02:40","created_at":"2019-09-17 11:02:39","option_key":"url","option_value":".\/get-started","option_key2":null,"option_value2":null,"position":null,"option_group":"module-layouts-1--5-btn","name":null,"help":null,"field_type":null,"field_values":null,"module":null,"is_system":null,"option_value_prev":null},{"id":"16","updated_at":"2019-09-17 11:02:46","created_at":"2019-09-17 11:02:46","option_key":"facebook_enabled","option_value":"y","option_key2":null,"option_value2":null,"position":null,"option_group":"footer-socials","name":null,"help":null,"field_type":null,"field_values":null,"module":null,"is_system":null,"option_value_prev":null},{"id":"17","updated_at":"2019-09-17 11:02:47","created_at":"2019-09-17 11:02:47","option_key":"twitter_enabled","option_value":"y","option_key2":null,"option_value2":null,"position":null,"option_group":"footer-socials","name":null,"help":null,"field_type":null,"field_values":null,"module":null,"is_system":null,"option_value_prev":null},{"id":"18","updated_at":"2019-09-17 11:02:47","created_at":"2019-09-17 11:02:47","option_key":"pinterest_enabled","option_value":"y","option_key2":null,"option_value2":null,"position":null,"option_group":"footer-socials","name":null,"help":null,"field_type":null,"field_values":null,"module":null,"is_system":null,"option_value_prev":null},{"id":"19","updated_at":"2019-09-17 11:04:46","created_at":"2019-09-17 11:04:46","option_key":"url","option_value":".\/get-started","option_key2":null,"option_value2":null,"position":null,"option_group":"header-get-started","name":null,"help":null,"field_type":null,"field_values":null,"module":null,"is_system":null,"option_value_prev":null},{"id":"20","updated_at":"2019-09-26 07:58:19","created_at":"2019-09-19 08:01:36","option_key":"whmcs_url","option_value":"https:\/\/whmcs.dev.microweber.com","option_key2":null,"option_value2":null,"position":null,"option_group":"module-layouts-3-whmcs","name":null,"help":null,"field_type":null,"field_values":null,"module":null,"is_system":null,"option_value_prev":null},{"id":"21","updated_at":"2019-09-19 08:09:23","created_at":"2019-09-19 08:09:23","option_key":"target","option_value":"top","option_key2":null,"option_value2":null,"position":null,"option_group":"module-layouts-3-whmcs","name":null,"help":null,"field_type":null,"field_values":null,"module":null,"is_system":null,"option_value_prev":null},{"id":"22","updated_at":"2019-09-19 09:02:52","created_at":"2019-09-19 09:02:52","option_key":"target","option_value":"top","option_key2":null,"option_value2":null,"position":null,"option_group":"module-layouts-1--1-whmcs","name":null,"help":null,"field_type":null,"field_values":null,"module":null,"is_system":null,"option_value_prev":null},{"id":"23","updated_at":"2019-09-19 10:17:09","created_at":"2019-09-19 10:17:09","option_key":"target","option_value":"top","option_key2":null,"option_value2":null,"position":null,"option_group":"module-whmcs-2","name":null,"help":null,"field_type":null,"field_values":null,"module":null,"is_system":null,"option_value_prev":null},{"id":"24","updated_at":"2019-09-19 13:18:47","created_at":"2019-09-19 12:49:01","option_key":"domain-style","option_value":"v3","option_key2":null,"option_value2":null,"position":null,"option_group":"module-layouts-1--1-whmcs","name":null,"help":null,"field_type":null,"field_values":null,"module":null,"is_system":null,"option_value_prev":null},{"id":"25","updated_at":"2019-09-19 13:20:06","created_at":"2019-09-19 13:19:53","option_key":"domain-style","option_value":"v3","option_key2":null,"option_value2":null,"position":null,"option_group":"module-layouts-3-whmcs","name":null,"help":null,"field_type":null,"field_values":null,"module":null,"is_system":null,"option_value_prev":null},{"id":"26","updated_at":"2019-09-19 13:20:47","created_at":"2019-09-19 13:20:47","option_key":"template-preview-style","option_value":"v2","option_key2":null,"option_value2":null,"position":null,"option_group":"module-layouts-3-whmcs","name":null,"help":null,"field_type":null,"field_values":null,"module":null,"is_system":null,"option_value_prev":null},{"id":"27","updated_at":"2019-09-19 13:23:38","created_at":"2019-09-19 13:23:38","option_key":"template-preview-style","option_value":"v2","option_key2":null,"option_value2":null,"position":null,"option_group":"module-layouts-1--1-whmcs","name":null,"help":null,"field_type":null,"field_values":null,"module":null,"is_system":null,"option_value_prev":null},{"id":"28","updated_at":"2019-09-19 13:47:53","created_at":"2019-09-19 13:47:53","option_key":"domain-style","option_value":"v3","option_key2":null,"option_value2":null,"position":null,"option_group":"module-whmcs-2","name":null,"help":null,"field_type":null,"field_values":null,"module":null,"is_system":null,"option_value_prev":null},{"id":"29","updated_at":"2019-09-19 13:47:57","created_at":"2019-09-19 13:47:57","option_key":"template-preview-style","option_value":"v2","option_key2":null,"option_value2":null,"position":null,"option_group":"module-whmcs-2","name":null,"help":null,"field_type":null,"field_values":null,"module":null,"is_system":null,"option_value_prev":null},{"id":"30","updated_at":"2019-09-25 08:40:12","created_at":"2019-09-25 08:40:12","option_key":"plan-style","option_value":"v2","option_key2":null,"option_value2":null,"position":null,"option_group":"module-whmcs-2","name":null,"help":null,"field_type":null,"field_values":null,"module":null,"is_system":null,"option_value_prev":null},{"id":"31","updated_at":"2019-09-25 08:40:33","created_at":"2019-09-25 08:40:33","option_key":"plan-style","option_value":"v2","option_key2":null,"option_value2":null,"position":null,"option_group":"module-whmcs-5","name":null,"help":null,"field_type":null,"field_values":null,"module":null,"is_system":null,"option_value_prev":null},{"id":"32","updated_at":"2019-09-25 08:40:47","created_at":"2019-09-25 08:40:47","option_key":"plan-style","option_value":"v2","option_key2":null,"option_value2":null,"position":null,"option_group":"module-layouts-3-whmcs","name":null,"help":null,"field_type":null,"field_values":null,"module":null,"is_system":null,"option_value_prev":null},{"id":"33","updated_at":"2019-09-25 08:41:11","created_at":"2019-09-25 08:41:11","option_key":"plan-style","option_value":"v2","option_key2":null,"option_value2":null,"position":null,"option_group":"module-layouts-1--1-whmcs","name":null,"help":null,"field_type":null,"field_values":null,"module":null,"is_system":null,"option_value_prev":null},{"id":"34","updated_at":"2019-09-27 09:43:53","created_at":"2019-09-26 07:56:00","option_key":"style","option_value":"whitelabel","option_key2":null,"option_value2":null,"position":null,"option_group":"module-whmcs-2","name":null,"help":null,"field_type":null,"field_values":null,"module":null,"is_system":null,"option_value_prev":null},{"id":"35","updated_at":"2019-09-27 09:43:30","created_at":"2019-09-26 07:56:23","option_key":"style","option_value":"whitelabel","option_key2":null,"option_value2":null,"position":null,"option_group":"module-layouts-3-whmcs","name":null,"help":null,"field_type":null,"field_values":null,"module":null,"is_system":null,"option_value_prev":null},{"id":"36","updated_at":"2019-09-27 09:43:04","created_at":"2019-09-26 07:57:06","option_key":"style","option_value":"whitelabel","option_key2":null,"option_value2":null,"position":null,"option_group":"module-layouts-1--1-whmcs","name":null,"help":null,"field_type":null,"field_values":null,"module":null,"is_system":null,"option_value_prev":null},{"id":"37","updated_at":"2019-09-26 07:57:57","created_at":"2019-09-26 07:57:52","option_key":"whmcs_url","option_value":"https:\/\/whmcs.dev.microweber.com","option_key2":null,"option_value2":null,"position":null,"option_group":"module-layouts-1--1-whmcs","name":null,"help":null,"field_type":null,"field_values":null,"module":null,"is_system":null,"option_value_prev":null},{"id":"38","updated_at":"2019-09-26 08:02:30","created_at":"2019-09-26 08:02:30","option_key":"profile_link","option_value":"true","option_key2":null,"option_value2":null,"position":null,"option_group":"mw-template-microweber-whitelabel-settings","name":null,"help":null,"field_type":null,"field_values":null,"module":null,"is_system":null,"option_value_prev":null},{"id":"39","updated_at":"2019-09-26 12:50:12","created_at":"2019-09-26 12:50:02","option_key":"whmcs_url","option_value":"https:\/\/whmcs.dev.microweber.com","option_key2":null,"option_value2":null,"position":null,"option_group":"module-whmcs-5","name":null,"help":null,"field_type":null,"field_values":null,"module":null,"is_system":null,"option_value_prev":null},{"id":"40","updated_at":"2019-09-27 09:44:51","created_at":"2019-09-26 12:50:15","option_key":"style","option_value":"whitelabel","option_key2":null,"option_value2":null,"position":null,"option_group":"module-whmcs-5","name":null,"help":null,"field_type":null,"field_values":null,"module":null,"is_system":null,"option_value_prev":null},{"id":"41","updated_at":"2019-09-27 12:33:20","created_at":"2019-09-27 12:33:16","option_key":"text","option_value":"Live chat","option_key2":null,"option_value2":null,"position":null,"option_group":"header-download","name":null,"help":null,"field_type":null,"field_values":null,"module":null,"is_system":null,"option_value_prev":null},{"id":"42","updated_at":"2019-09-27 12:34:16","created_at":"2019-09-27 12:34:16","option_key":"style","option_value":"whitelabel","option_key2":null,"option_value2":null,"position":null,"option_group":"module-whmcs-4","name":null,"help":null,"field_type":null,"field_values":null,"module":null,"is_system":null,"option_value_prev":null},{"id":"43","updated_at":"2019-09-27 12:34:18","created_at":"2019-09-27 12:34:18","option_key":"target","option_value":"top","option_key2":null,"option_value2":null,"position":null,"option_group":"module-whmcs-4","name":null,"help":null,"field_type":null,"field_values":null,"module":null,"is_system":null,"option_value_prev":null},{"id":"44","updated_at":"2019-09-27 12:34:41","created_at":"2019-09-27 12:34:24","option_key":"whmcs_url","option_value":"https:\/\/whmcs.dev.microweber.com\/","option_key2":null,"option_value2":null,"position":null,"option_group":"module-whmcs-4","name":null,"help":null,"field_type":null,"field_values":null,"module":null,"is_system":null,"option_value_prev":null},{"id":"45","updated_at":"2019-09-27 12:36:09","created_at":"2019-09-27 12:36:09","option_key":"whmcs_url","option_value":"https:\/\/whmcs.dev.microweber.com\/","option_key2":null,"option_value2":null,"position":null,"option_group":"module-whmcs-2","name":null,"help":null,"field_type":null,"field_values":null,"module":null,"is_system":null,"option_value_prev":null},{"id":"46","updated_at":"2019-10-03 12:49:38","created_at":"2019-10-03 12:49:33","option_key":"engine","option_value":"bxslider","option_key2":null,"option_value2":null,"position":null,"option_group":"module-layouts-1-slider","name":null,"help":null,"field_type":null,"field_values":null,"module":null,"is_system":null,"option_value_prev":null},{"id":"47","updated_at":"2019-10-03 12:49:38","created_at":"2019-10-03 12:49:34","option_key":"data-template","option_value":"bxslider-skin-1.php","option_key2":null,"option_value2":null,"position":null,"option_group":"module-layouts-1-slider","name":null,"help":null,"field_type":null,"field_values":null,"module":null,"is_system":null,"option_value_prev":null},{"id":"48","updated_at":"2019-10-03 12:53:04","created_at":"2019-10-03 12:53:03","option_key":"autoplay","option_value":"true","option_key2":null,"option_value2":null,"position":null,"option_group":"module-layouts-1-slider","name":null,"help":null,"field_type":null,"field_values":null,"module":null,"is_system":null,"option_value_prev":null}],"cart":[],"cart_orders":[],"cart_taxes":[],"cart_shipping":[{"id":"1","updated_at":null,"created_at":null,"is_active":"1","shipping_cost":"0.0","shipping_cost_max":null,"shipping_cost_above":null,"shipping_country":"Worldwide","position":null,"shipping_type":"fixed","shipping_price_per_size":null,"shipping_price_per_weight":null,"shipping_price_per_item":null,"shipping_price_custom":null}],"cart_clients":[],"cart_clients_address":[],"cart_invoices":[],"cart_invoices_lines":[],"tagging_tagged":[],"tagging_tags":[],"tagging_tag_groups":[],"jobs":[],"failed_jobs":[],"password_resets":[],"mail_subscribers":[],"mail_providers":[],"mail_templates":[],"comments":[],"cart_coupons":[],"cart_coupon_logs":[],"offers":[],"testimonials":[{"id":"1","name":"Mariya","content":"I have been using Microweb for my online swimwear store for a long time and I am very pleased. My customers shop and we manage to process orders with ease. Thank you!","read_more_url":"","created_on":null,"project_name":"","client_company":"www.worldtrade.bg","client_role":"","client_picture":"{SITE_URL}userfiles\/media\/templates.microweber.com\/layer_21.png","client_website":"","position":null}],"rating":[],"newsletter_subscribers":[],"newsletter_campaigns":[],"newsletter_campaigns_send_log":[],"newsletter_sender_accounts":[],"newsletter_lists":[],"newsletter_subscribers_lists":[],"newsletter_templates":[],"calendar":[],"calendar_groups":[],"stats_sessions":[{"id":"1","session_id":"2g9TCDzAv9tNegxCBeVda7VGBeuI3iFxCbP1w3aT","session_hostname":null,"user_ip":"94.26.57.98","user_id":"0","browser_id":"1","referrer_id":"0","referrer_domain_id":null,"referrer_path_id":null,"geoip_id":"1","language":"en","updated_at":"2019-08-28 14:35:21"},{"id":"2","session_id":"lIK3IS7A7Tbkjan5ZrkhNOjTUwGKtPHWG2FnUXgS","session_hostname":null,"user_ip":"94.26.57.98","user_id":"1","browser_id":"2","referrer_id":"1","referrer_domain_id":"1","referrer_path_id":"1","geoip_id":"1","language":"bg","updated_at":"2019-08-28 14:35:30"},{"id":"3","session_id":"TKcUcdjf8gCdr5GSJPGOh2nMvGdrJ8xcoT4RXIGz","session_hostname":null,"user_ip":"85.187.222.6","user_id":"0","browser_id":"3","referrer_id":"2","referrer_domain_id":"2","referrer_path_id":"2","geoip_id":"1","language":"en","updated_at":"2019-08-28 14:38:56"},{"id":"4","session_id":"HevLFPZyuBCFFSBJ27u7rrCUHHPkLnGcZIhkfEZr","session_hostname":null,"user_ip":"94.26.57.98","user_id":"0","browser_id":"4","referrer_id":"0","referrer_domain_id":null,"referrer_path_id":null,"geoip_id":"1","language":"en","updated_at":"2019-08-28 14:51:00"},{"id":"5","session_id":"nLXVwocWVRpa60O39VZfq9W22tfqjIwZSjK3Ih1G","session_hostname":null,"user_ip":"77.70.107.170","user_id":"0","browser_id":"5","referrer_id":"0","referrer_domain_id":null,"referrer_path_id":null,"geoip_id":"1","language":"en","updated_at":"2019-08-29 17:19:52"},{"id":"6","session_id":"rr93Ykb1sYJxJTwwtitDXwZcj00c5u6cRwqRPeGi","session_hostname":null,"user_ip":"94.26.57.98","user_id":"0","browser_id":"5","referrer_id":"0","referrer_domain_id":null,"referrer_path_id":null,"geoip_id":"1","language":"bg","updated_at":"2019-09-02 11:15:31"},{"id":"7","session_id":"g5fphhf1RBgZAyXff5VPxv4LprJMwGVK5Nod1cCl","session_hostname":null,"user_ip":"94.26.57.98","user_id":"1","browser_id":"5","referrer_id":"3","referrer_domain_id":"1","referrer_path_id":"3","geoip_id":"1","language":"bg","updated_at":"2019-09-02 11:22:50"},{"id":"8","session_id":"jlQQxj5LwcMdLhZITqcB8PHaEuw8G7XgcO2Zhz7o","session_hostname":null,"user_ip":"94.26.57.98","user_id":"0","browser_id":"5","referrer_id":"0","referrer_domain_id":null,"referrer_path_id":null,"geoip_id":"1","language":"bg","updated_at":"2019-09-02 14:41:28"},{"id":"9","session_id":"439bWZI7hDRABtD5VR2HFhxHKN0LqkVHGIjfoTI3","session_hostname":null,"user_ip":"94.26.57.98","user_id":"1","browser_id":"5","referrer_id":"1","referrer_domain_id":"1","referrer_path_id":"1","geoip_id":"1","language":"bg","updated_at":"2019-09-02 14:43:17"},{"id":"10","session_id":"r528hlSpJ3MTPjVB0IKfxgC1AdurVSoCwv2cuHoB","session_hostname":null,"user_ip":"94.26.57.98","user_id":"0","browser_id":"6","referrer_id":"0","referrer_domain_id":null,"referrer_path_id":null,"geoip_id":"1","language":"en","updated_at":"2019-09-02 14:43:41"},{"id":"11","session_id":"dmUnzRZHJ5W6IP1sNjh1iv9egymxhiamnbusGO4M","session_hostname":null,"user_ip":"94.26.57.98","user_id":"0","browser_id":"5","referrer_id":"0","referrer_domain_id":null,"referrer_path_id":null,"geoip_id":"1","language":"bg","updated_at":"2019-09-13 08:45:35"},{"id":"12","session_id":"aC6QuxfA1Xg6rqjnAaZ5mO6vX1Qvm3BG6gWldXLF","session_hostname":null,"user_ip":"94.26.57.98","user_id":"0","browser_id":"5","referrer_id":"0","referrer_domain_id":null,"referrer_path_id":null,"geoip_id":"1","language":"bg","updated_at":"2019-09-16 10:47:42"},{"id":"13","session_id":"9MD8j8fcCdzZrWkpAUmRgn7NW8GJGRDuY077IJPr","session_hostname":null,"user_ip":"94.26.57.98","user_id":"0","browser_id":"7","referrer_id":"4","referrer_domain_id":"3","referrer_path_id":"4","geoip_id":"1","language":"en","updated_at":"2019-09-16 15:26:34"},{"id":"14","session_id":"vDZ8OHeq8Kkanu647NruoFg6PW9dMIOtyRUwToCK","session_hostname":null,"user_ip":"94.26.57.98","user_id":"0","browser_id":"8","referrer_id":"4","referrer_domain_id":"3","referrer_path_id":"4","geoip_id":"1","language":"en","updated_at":"2019-09-16 15:26:36"},{"id":"15","session_id":"zCYdNfjJeaRNYrzgrVV5Mf8HqhAmSPRumxOSj6kk","session_hostname":null,"user_ip":"94.26.57.98","user_id":"0","browser_id":"7","referrer_id":"1","referrer_domain_id":"1","referrer_path_id":"1","geoip_id":"1","language":"en","updated_at":"2019-09-17 07:55:26"},{"id":"16","session_id":"gbwFqxGP7R25JUPz8Y7jwzEMRUg7E28yjsbBlpup","session_hostname":null,"user_ip":"94.26.57.98","user_id":"0","browser_id":"5","referrer_id":"4","referrer_domain_id":"3","referrer_path_id":"4","geoip_id":"1","language":"bg","updated_at":"2019-09-17 08:21:24"},{"id":"17","session_id":"QEhmgEif6bkF6cQ8ZdmIsXHOcniytZDk7SuMlCmK","session_hostname":null,"user_ip":"94.26.57.98","user_id":"0","browser_id":"4","referrer_id":"4","referrer_domain_id":"3","referrer_path_id":"4","geoip_id":"1","language":"en","updated_at":"2019-09-17 08:40:10"},{"id":"18","session_id":"fvIjigpVZRXM41BrQxJw2T8q5vML2lOQNAI6fRZC","session_hostname":null,"user_ip":"94.26.57.98","user_id":"1","browser_id":"5","referrer_id":"1","referrer_domain_id":"1","referrer_path_id":"1","geoip_id":"1","language":"bg","updated_at":"2019-09-17 11:03:26"},{"id":"19","session_id":"IwA6yjsQwL8aQXRofHACg5zhUWdkWpGHDf8OSK1v","session_hostname":null,"user_ip":"94.26.57.98","user_id":"0","browser_id":"8","referrer_id":"0","referrer_domain_id":null,"referrer_path_id":null,"geoip_id":"1","language":"en","updated_at":"2019-09-17 11:28:33"},{"id":"20","session_id":"COMMFqut3uprgNG7GschUIiaQjCCHB7c7XAjbjUh","session_hostname":null,"user_ip":"94.26.57.98","user_id":"0","browser_id":"7","referrer_id":"0","referrer_domain_id":null,"referrer_path_id":null,"geoip_id":"1","language":"en","updated_at":"2019-09-17 12:10:51"},{"id":"21","session_id":"c8ChbxL4r6kDml2wMvEOscvzLjoJN4yRDoKMo5Oj","session_hostname":null,"user_ip":"94.26.57.98","user_id":"0","browser_id":"5","referrer_id":"1","referrer_domain_id":"1","referrer_path_id":"1","geoip_id":"1","language":"bg","updated_at":"2019-09-18 07:09:37"},{"id":"22","session_id":"KlBqUwltoBS2YlW6YR99N9RLXzxnxddOl6hKaQ5h","session_hostname":null,"user_ip":"94.26.57.98","user_id":"0","browser_id":"8","referrer_id":"0","referrer_domain_id":null,"referrer_path_id":null,"geoip_id":"1","language":"en","updated_at":"2019-09-18 10:54:02"},{"id":"23","session_id":"vJskPCV601H6OnrctgTSY8VgMDilfP2sPBKXhJH9","session_hostname":null,"user_ip":"94.26.57.98","user_id":"0","browser_id":"5","referrer_id":"0","referrer_domain_id":null,"referrer_path_id":null,"geoip_id":"1","language":"bg","updated_at":"2019-09-18 12:30:56"},{"id":"24","session_id":"UO0wzmgs4KxxSZ5UBoKEK0zdkth6payFZzIP5PnK","session_hostname":null,"user_ip":"94.26.57.98","user_id":"0","browser_id":"5","referrer_id":"0","referrer_domain_id":null,"referrer_path_id":null,"geoip_id":"1","language":"bg","updated_at":"2019-09-19 07:12:46"},{"id":"25","session_id":"4le0IibTv48PgNpWGEl39CYBPxLHuqIFHDdY60Ve","session_hostname":null,"user_ip":"94.26.57.98","user_id":"0","browser_id":"8","referrer_id":"0","referrer_domain_id":null,"referrer_path_id":null,"geoip_id":"1","language":"en","updated_at":"2019-09-19 07:12:53"},{"id":"26","session_id":"NQEDs5S58Sk00uGn2oaBy7p51tklSV93XmFKaVt5","session_hostname":null,"user_ip":"87.126.60.140","user_id":"0","browser_id":"5","referrer_id":"0","referrer_domain_id":null,"referrer_path_id":null,"geoip_id":"1","language":"en","updated_at":"2019-09-19 07:38:19"},{"id":"27","session_id":"NQEDs5S58Sk00uGn2oaBy7p51tklSV93XmFKaVt5","session_hostname":null,"user_ip":"87.126.60.140","user_id":"0","browser_id":"5","referrer_id":"0","referrer_domain_id":null,"referrer_path_id":null,"geoip_id":"1","language":"en","updated_at":"2019-09-19 07:38:19"},{"id":"28","session_id":"FYNMJlmHZ4xHvFhrCuBBy3frhLRxmWWjFDebEYY3","session_hostname":null,"user_ip":"94.26.57.98","user_id":"1","browser_id":"5","referrer_id":"7","referrer_domain_id":"1","referrer_path_id":"7","geoip_id":"1","language":"bg","updated_at":"2019-09-19 08:01:23"},{"id":"29","session_id":"6d0jvFHe2rCAJwjWz2L6M2Ro81x8D4rkOtf1dfDg","session_hostname":null,"user_ip":"94.26.57.98","user_id":"0","browser_id":"8","referrer_id":"0","referrer_domain_id":null,"referrer_path_id":null,"geoip_id":"1","language":"en","updated_at":"2019-09-19 13:48:12"},{"id":"30","session_id":"2D7OH8T6MRhq3YwE2Udt5pqc9jCR9vC6PdEemzTr","session_hostname":null,"user_ip":"94.26.57.98","user_id":"0","browser_id":"7","referrer_id":"0","referrer_domain_id":null,"referrer_path_id":null,"geoip_id":"1","language":"en","updated_at":"2019-09-19 15:05:12"},{"id":"31","session_id":"uVj4xJnlkyfY9E2oaeiJegQKvcnKVWmkSaVu1PPm","session_hostname":null,"user_ip":"94.26.57.98","user_id":"0","browser_id":"5","referrer_id":"0","referrer_domain_id":null,"referrer_path_id":null,"geoip_id":"1","language":"bg","updated_at":"2019-09-20 07:48:16"},{"id":"32","session_id":"csqdkZpi4H1KN05vekhqNOlz5PMfkBmuQaSnBj0q","session_hostname":null,"user_ip":"94.26.57.98","user_id":"0","browser_id":"8","referrer_id":"0","referrer_domain_id":null,"referrer_path_id":null,"geoip_id":"1","language":"en","updated_at":"2019-09-20 12:55:27"},{"id":"33","session_id":"LMPMpEZLPUZRER6sMirFl3Szqs0hfc2dOMOmXBK2","session_hostname":null,"user_ip":"77.70.107.170","user_id":"0","browser_id":"5","referrer_id":"0","referrer_domain_id":null,"referrer_path_id":null,"geoip_id":"1","language":"en","updated_at":"2019-09-20 18:08:41"},{"id":"34","session_id":"yFJo1lKPuxp6hP1tk7NIiS8Ji3xcnM7EjeJv5unl","session_hostname":null,"user_ip":"94.26.57.98","user_id":"0","browser_id":"5","referrer_id":"0","referrer_domain_id":null,"referrer_path_id":null,"geoip_id":"1","language":"bg","updated_at":"2019-09-24 07:33:48"},{"id":"35","session_id":"HuiN9sQ9oCYHLDGumiR8ORojCEe5lTQQDoN7cQyN","session_hostname":null,"user_ip":"94.26.57.98","user_id":"0","browser_id":"5","referrer_id":"0","referrer_domain_id":null,"referrer_path_id":null,"geoip_id":"1","language":"bg","updated_at":"2019-09-24 10:27:11"},{"id":"36","session_id":"FVtDvDH95QWnmToZ1Kj40BtkeL4pOkaBxMXn9vpp","session_hostname":null,"user_ip":"94.26.57.98","user_id":"0","browser_id":"8","referrer_id":"0","referrer_domain_id":null,"referrer_path_id":null,"geoip_id":"1","language":"en","updated_at":"2019-09-24 11:09:35"},{"id":"37","session_id":"wCBIwJNFc9fqZfS6ZBSiiaRchbm42gDlvR4zTzMk","session_hostname":null,"user_ip":"94.26.57.98","user_id":"0","browser_id":"5","referrer_id":"0","referrer_domain_id":null,"referrer_path_id":null,"geoip_id":"1","language":"bg","updated_at":"2019-09-24 13:02:19"},{"id":"38","session_id":"owoWmCE6gGXQbGTX0emdwEkJNDu9aDym7ukQpfw7","session_hostname":null,"user_ip":"94.26.57.98","user_id":"0","browser_id":"7","referrer_id":"4","referrer_domain_id":"3","referrer_path_id":"4","geoip_id":"1","language":"en","updated_at":"2019-09-24 13:53:56"},{"id":"39","session_id":"bCNHi418ZPH3nmKHvzAIVHCB3jgNEBLSACOmKQiP","session_hostname":null,"user_ip":"94.26.57.98","user_id":"0","browser_id":"5","referrer_id":"0","referrer_domain_id":null,"referrer_path_id":null,"geoip_id":"1","language":"bg","updated_at":"2019-09-25 08:19:45"},{"id":"40","session_id":"GEcgLkuCob9W1cT5XIXritdBdTQLqashtiSkuNUC","session_hostname":null,"user_ip":"94.26.57.98","user_id":"0","browser_id":"10","referrer_id":"0","referrer_domain_id":null,"referrer_path_id":null,"geoip_id":"1","language":"en","updated_at":"2019-09-25 09:16:55"},{"id":"41","session_id":"ip52jVllau1kOUxW2v36UeIarY7wSY4PT1l4kBlP","session_hostname":null,"user_ip":"94.26.57.98","user_id":"1","browser_id":"5","referrer_id":"1","referrer_domain_id":"1","referrer_path_id":"1","geoip_id":"1","language":"bg","updated_at":"2019-09-25 09:19:36"},{"id":"42","session_id":"rdMvUODNtpOk8gTVWCJOFWrDS6Ah15kpZRSM4h3c","session_hostname":null,"user_ip":"94.26.57.98","user_id":"0","browser_id":"10","referrer_id":"0","referrer_domain_id":null,"referrer_path_id":null,"geoip_id":"1","language":"en","updated_at":"2019-09-25 12:27:50"},{"id":"43","session_id":"z2unxtf9iEgEdEliVMjJJZMIPGSlsYnk5vvyx6yK","session_hostname":null,"user_ip":"94.26.57.98","user_id":"0","browser_id":"11","referrer_id":"0","referrer_domain_id":null,"referrer_path_id":null,"geoip_id":"1","language":"bg","updated_at":"2019-09-25 14:04:15"},{"id":"44","session_id":"QzJgBwAZXd4F9XKbo6LCEwbpiYNfOc0Ae8G36COk","session_hostname":null,"user_ip":"94.26.57.98","user_id":"0","browser_id":"7","referrer_id":"0","referrer_domain_id":null,"referrer_path_id":null,"geoip_id":"1","language":"en","updated_at":"2019-09-25 14:12:47"},{"id":"45","session_id":"7VdU7iRONHy8Xs3I1oFUOamXlOvKhh6ORHu5dRHo","session_hostname":null,"user_ip":"94.26.57.98","user_id":"0","browser_id":"7","referrer_id":"0","referrer_domain_id":null,"referrer_path_id":null,"geoip_id":"1","language":"en","updated_at":"2019-09-26 07:15:20"},{"id":"46","session_id":"LqK2sBLYAFxHjSuX0VbwESVklTGTBeeIxCywXaXz","session_hostname":null,"user_ip":"94.26.57.98","user_id":"0","browser_id":"10","referrer_id":"0","referrer_domain_id":null,"referrer_path_id":null,"geoip_id":"1","language":"en","updated_at":"2019-09-26 07:15:42"},{"id":"47","session_id":"mj2wTyhkeHTfekN4kWgBgDjGhsuGiS5HeowGaBrx","session_hostname":null,"user_ip":"94.26.57.98","user_id":"0","browser_id":"11","referrer_id":"0","referrer_domain_id":null,"referrer_path_id":null,"geoip_id":"1","language":"bg","updated_at":"2019-09-26 07:49:50"},{"id":"48","session_id":"zX3dM8ABdxrFAdD7gCaj9VrToFKzT7zo6EO44S6d","session_hostname":null,"user_ip":"94.26.57.98","user_id":"1","browser_id":"11","referrer_id":"1","referrer_domain_id":"1","referrer_path_id":"1","geoip_id":"1","language":"bg","updated_at":"2019-09-26 08:59:06"},{"id":"49","session_id":"cO9nK5n0CIdwQ6CwmOMw7ZO8iBTAEMoJEdhI7ZPU","session_hostname":null,"user_ip":"77.70.107.170","user_id":"0","browser_id":"5","referrer_id":"0","referrer_domain_id":null,"referrer_path_id":null,"geoip_id":"1","language":"en","updated_at":"2019-09-26 17:13:55"},{"id":"50","session_id":"ifGil7AkC3odojm4n2F9TToDf1wG1LBDte94Zsu9","session_hostname":null,"user_ip":"94.26.57.98","user_id":"0","browser_id":"11","referrer_id":"0","referrer_domain_id":null,"referrer_path_id":null,"geoip_id":"1","language":"bg","updated_at":"2019-09-27 07:28:34"},{"id":"51","session_id":"Dr8ZWCY3Ad5Qxcxho0xGgGQCCiZSSgJHmDFLhG61","session_hostname":null,"user_ip":"94.26.57.98","user_id":"0","browser_id":"10","referrer_id":"0","referrer_domain_id":null,"referrer_path_id":null,"geoip_id":"1","language":"en","updated_at":"2019-09-27 07:57:36"},{"id":"52","session_id":"qpnQBday2h1BlI9CtPVNf3If5QKBYdxtR1nb3B6I","session_hostname":null,"user_ip":"94.26.57.98","user_id":"0","browser_id":"11","referrer_id":"0","referrer_domain_id":null,"referrer_path_id":null,"geoip_id":"1","language":"bg","updated_at":"2019-09-27 12:32:22"},{"id":"53","session_id":"6lgeyW32NOxFbYh3uxbXRsXuFYifKR883y7R71LW","session_hostname":null,"user_ip":"94.26.57.98","user_id":"1","browser_id":"11","referrer_id":"10","referrer_domain_id":"1","referrer_path_id":"10","geoip_id":"1","language":"bg","updated_at":"2019-09-27 12:38:49"},{"id":"54","session_id":"9yWPMBT0wJZHp4ipdgGd3xTdBI9WqrWjm26CLikc","session_hostname":null,"user_ip":"94.26.57.98","user_id":"0","browser_id":"11","referrer_id":"0","referrer_domain_id":null,"referrer_path_id":null,"geoip_id":"1","language":"bg","updated_at":"2019-10-03 07:11:03"},{"id":"55","session_id":"FvwvIbyBIMkdHakJjlEw2MFSiDYsSGE6dcIdcOXO","session_hostname":null,"user_ip":"94.26.57.98","user_id":"0","browser_id":"10","referrer_id":"0","referrer_domain_id":null,"referrer_path_id":null,"geoip_id":"1","language":"en","updated_at":"2019-10-03 07:11:37"},{"id":"56","session_id":"FQm88iI5w8UvXXxSt5xTd2hhlH96MfJkugvlS8ae","session_hostname":null,"user_ip":"94.26.57.98","user_id":"1","browser_id":"11","referrer_id":"10","referrer_domain_id":"1","referrer_path_id":"10","geoip_id":"1","language":"bg","updated_at":"2019-10-03 08:07:00"},{"id":"57","session_id":"6WgfO5LDVVE0AAKczzFxBdTppxtmScJ5WLgbpCIj","session_hostname":null,"user_ip":"41.175.108.223","user_id":"0","browser_id":"12","referrer_id":"0","referrer_domain_id":null,"referrer_path_id":null,"geoip_id":"2","language":"en","updated_at":"2019-10-03 08:14:50"},{"id":"58","session_id":"oB8KhwsumUlkUdpglkHTWA9wKKpvdcpeW5TIkTWs","session_hostname":null,"user_ip":"94.26.57.98","user_id":"0","browser_id":"10","referrer_id":"0","referrer_domain_id":null,"referrer_path_id":null,"geoip_id":"1","language":"en","updated_at":"2019-10-03 10:39:21"},{"id":"59","session_id":"yE35RUlC7rgnrmnYdfsWIYKzHRvWWSzknJa71Bnt","session_hostname":null,"user_ip":"94.26.57.98","user_id":"1","browser_id":"10","referrer_id":"10","referrer_domain_id":"1","referrer_path_id":"10","geoip_id":"1","language":"en","updated_at":"2019-10-03 10:44:40"},{"id":"60","session_id":"ysysW4OUklZkgWtJOhhBLF6XZrlv0CRm6R6PjMtp","session_hostname":null,"user_ip":"94.26.57.98","user_id":"0","browser_id":"11","referrer_id":"0","referrer_domain_id":null,"referrer_path_id":null,"geoip_id":"1","language":"bg","updated_at":"2019-10-04 07:30:49"},{"id":"61","session_id":"4CP8OHjK702yoJHcgckUVVNck5vUrb4xgyQEQegK","session_hostname":null,"user_ip":"94.26.57.98","user_id":"0","browser_id":"10","referrer_id":"0","referrer_domain_id":null,"referrer_path_id":null,"geoip_id":"1","language":"en","updated_at":"2019-10-04 07:30:49"},{"id":"62","session_id":"T5phGrkC6DLcbFooOxfKEO85lEXlMudBSrpIyHqg","session_hostname":null,"user_ip":"94.26.57.98","user_id":"0","browser_id":"11","referrer_id":"0","referrer_domain_id":null,"referrer_path_id":null,"geoip_id":"1","language":"en","updated_at":"2019-10-04 07:51:22"},{"id":"63","session_id":"pWeKQBfSZXrHYVcLHffMgDM8ZHj4ommcvjVhBcbH","session_hostname":null,"user_ip":"94.26.57.98","user_id":"0","browser_id":"10","referrer_id":"0","referrer_domain_id":null,"referrer_path_id":null,"geoip_id":"1","language":"en","updated_at":"2019-10-04 12:33:26"},{"id":"64","session_id":"emnNmcG51XBpsOGmphe2PoLWyDNVVIrc3dZ3oUEM","session_hostname":null,"user_ip":"94.26.57.98","user_id":"0","browser_id":"10","referrer_id":"0","referrer_domain_id":null,"referrer_path_id":null,"geoip_id":"1","language":"en","updated_at":"2019-10-04 15:09:35"},{"id":"65","session_id":"FBAlWZOqfjZTZvHJKYgw4wIJQX1m2qtDdfTUZ7IM","session_hostname":null,"user_ip":"203.194.99.190","user_id":"0","browser_id":"13","referrer_id":"0","referrer_domain_id":null,"referrer_path_id":null,"geoip_id":"3","language":"en","updated_at":"2019-10-04 15:52:44"},{"id":"66","session_id":"WI3z23AOFMrt8RrmFdlTP9dP2Y1Zazfrdbyb3W7S","session_hostname":null,"user_ip":"77.70.107.170","user_id":"0","browser_id":"11","referrer_id":"0","referrer_domain_id":null,"referrer_path_id":null,"geoip_id":"1","language":"en","updated_at":"2019-10-04 20:33:05"},{"id":"67","session_id":"BoO35MaBHWT59rQ1Terp4LxSLuH4PEUSDdZrRx13","session_hostname":null,"user_ip":"94.26.57.98","user_id":"0","browser_id":"11","referrer_id":"0","referrer_domain_id":null,"referrer_path_id":null,"geoip_id":"1","language":"bg","updated_at":"2019-10-07 07:34:29"}],"stats_geoip":[{"id":"1","country_code":"BG","country_name":"Bulgaria","region":null,"city":null,"latitude":null,"longitude":null,"updated_at":"2019-08-28 14:35:21"},{"id":"2","country_code":"ZW","country_name":"Zimbabwe","region":null,"city":null,"latitude":null,"longitude":null,"updated_at":"2019-10-03 08:14:50"},{"id":"3","country_code":"IN","country_name":"India","region":null,"city":null,"latitude":null,"longitude":null,"updated_at":"2019-10-04 15:52:44"}]}